Block Name,Point ID,P,Points_0,Points_1,Points_2,Points_Magnitude,RHO0,U0,V0
zone00000,0,1.3332,0.288271,-0.00743045,0.376939,0.474593,0.85,1.00486,0.0419326
zone00000,1,1.3451,0.285436,-0.00425889,0.376939,0.472837,0.85,1.00486,0.0419326
zone00000,2,1.33067,0.283216,-0.000659297,0.376939,0.471482,0.85,1.00486,0.0419326
zone00000,3,1.28006,0.282032,0.00336991,0.376939,0.470783,0.85,1.00486,0.0419326
zone00000,4,1.1904,0.282252,0.00755949,0.376939,0.470964,0.85,1.00486,0.0419326
zone00000,5,1.08489,0.283613,0.0115321,0.376939,0.47186,0.85,1.00486,0.0419326
zone00000,6,0.982152,0.285819,0.0151184,0.376939,0.473291,0.85,1.00486,0.0419326
zone00000,7,0.895248,0.288605,0.0183056,0.376939,0.475091,0.85,1.00486,0.0419326
zone00000,8,0.825722,0.291785,0.0211412,0.376939,0.477146,0.85,1.00486,0.0419326
zone00001,0,0.802206,0.962782,-0.129671,0.376939,1.04204,0.85,1.00486,0.0419326
zone00001,1,0.80209,0.923454,-0.129655,0.376939,1.00581,0.85,1.00486,0.0419326
zone00001,2,0.806968,0.884165,-0.128991,0.376939,0.969778,0.85,1.00486,0.0419326
zone00001,3,0.815949,0.844923,-0.127657,0.376939,0.933956,0.85,1.00486,0.0419326
zone00001,4,0.828509,0.805743,-0.125607,0.376939,0.898378,0.85,1.00486,0.0419326
zone00001,5,0.844321,0.766636,-0.122808,0.376939,0.863073,0.85,1.00486,0.0419326
zone00001,6,0.863538,0.72762,-0.119223,0.376939,0.828087,0.85,1.00486,0.0419326
zone00001,7,0.886042,0.688715,-0.114818,0.376939,0.79347,0.85,1.00486,0.0419326
zone00001,8,0.911138,0.649935,-0.109583,0.376939,0.75928,0.85,1.00486,0.0419326
zone00001,9,0.937969,0.611293,-0.103531,0.376939,0.72559,0.85,1.00486,0.0419326
zone00001,10,0.965604,0.572807,-0.0966894,0.376939,0.692488,0.85,1.00486,0.0419326
zone00001,11,0.993672,0.534495,-0.0890856,0.376939,0.660079,0.85,1.00486,0.0419326
zone00001,12,1.02257,0.496393,-0.0807153,0.376939,0.628493,0.85,1.00486,0.0419326
zone00001,13,1.05243,0.458558,-0.0715312,0.376939,0.597892,0.85,1.00486,0.0419326
zone00001,14,1.08351,0.421077,-0.061431,0.376939,0.568474,0.85,1.00486,0.0419326
zone00001,15,1.12059,0.38404,-0.0502396,0.376939,0.540457,0.85,1.00486,0.0419326
zone00001,16,1.17455,0.34762,-0.0376494,0.376939,0.51414,0.85,1.00486,0.0419326
zone00001,17,1.2359,0.31462,-0.0239027,0.376939,0.491569,0.85,1.00486,0.0419326
zone00001,18,1.28542,0.298922,-0.0154823,0.376939,0.481328,0.85,1.00486,0.0419326
zone00001,19,1.31255,0.291618,-0.0103797,0.376939,0.476688,0.85,1.00486,0.0419326
zone00001,20,1.3332,0.288271,-0.00743045,0.376939,0.474593,0.85,1.00486,0.0419326
zone00009,0,0.825722,0.291785,0.0211412,0.376939,0.477146,0.85,1.00486,0.0419326
zone00009,1,0.777906,0.295526,0.0238746,0.376939,0.479572,0.85,1.00486,0.0419326
zone00009,2,0.731177,0.303496,0.028478,0.376939,0.484772,0.85,1.00486,0.0419326
zone00009,3,0.663666,0.320379,0.0354353,0.376939,0.495965,0.85,1.00486,0.0419326
zone00009,4,0.598385,0.35456,0.0443422,0.376939,0.519386,0.85,1.00486,0.0419326
zone00009,5,0.565214,0.390755,0.0501173,0.376939,0.545238,0.85,1.00486,0.0419326
zone00009,6,0.559859,0.427209,0.0537628,0.376939,0.572259,0.85,1.00486,0.0419326
zone00009,7,0.562987,0.463796,0.0559493,0.376939,0.600267,0.85,1.00486,0.0419326
zone00009,8,0.570493,0.500457,0.0570792,0.376939,0.629125,0.85,1.00486,0.0419326
zone00009,9,0.582043,0.537168,0.057429,0.376939,0.658734,0.85,1.00486,0.0419326
zone00009,10,0.596544,0.573911,0.0571945,0.376939,0.689005,0.85,1.00486,0.0419326
zone00009,11,0.611941,0.610672,0.0565077,0.376939,0.719859,0.85,1.00486,0.0419326
zone00009,12,0.626689,0.64744,0.0554499,0.376939,0.751223,0.85,1.00486,0.0419326
zone00009,13,0.640181,0.684202,0.0540769,0.376939,0.783032,0.85,1.00486,0.0419326
zone00009,14,0.652737,0.720951,0.052419,0.376939,0.81523,0.85,1.00486,0.0419326
zone00009,15,0.665084,0.757679,0.0505079,0.376939,0.847769,0.85,1.00486,0.0419326
zone00009,16,0.67736,0.794384,0.0483706,0.376939,0.880607,0.85,1.00486,0.0419326
zone00009,17,0.689673,0.831063,0.0460228,0.376939,0.913711,0.85,1.00486,0.0419326
zone00009,18,0.701283,0.867718,0.0435021,0.376939,0.947053,0.85,1.00486,0.0419326
zone00009,19,0.711216,0.90435,0.0408218,0.376939,0.980611,0.85,1.00486,0.0419326
zone00009,20,0.719713,0.940962,0.0379967,0.376939,1.01437,0.85,1.00486,0.0419326
zone00013,0,1.10048,1.75041,-0.073849,0.376939,1.79206,0.85,1.00486,0.0419326
zone00013,1,1.14512,1.74869,-0.0737123,0.376939,1.79038,0.85,1.00486,0.0419326
zone00013,2,1.13549,1.74525,-0.0734533,0.376939,1.787,0.85,1.00486,0.0419326
zone00013,3,1.14793,1.73835,-0.0729888,0.376939,1.78025,0.85,1.00486,0.0419326
zone00013,4,1.15782,1.72453,-0.0722804,0.376939,1.76673,0.85,1.00486,0.0419326
zone00013,5,1.15938,1.69687,-0.0717009,0.376939,1.73972,0.85,1.00486,0.0419326
zone00013,6,1.14968,1.64723,-0.0728972,0.376939,1.69138,0.85,1.00486,0.0419326
zone00013,7,1.13305,1.59768,-0.0761184,0.376939,1.64331,0.85,1.00486,0.0419326
zone00013,8,1.11108,1.54823,-0.0805787,0.376939,1.59549,0.85,1.00486,0.0419326
zone00013,9,1.08513,1.49883,-0.0857554,0.376939,1.54788,0.85,1.00486,0.0419326
zone00013,10,1.05653,1.44948,-0.0913232,0.376939,1.50048,0.85,1.00486,0.0419326
zone00013,11,1.02581,1.40015,-0.0970495,0.376939,1.45324,0.85,1.00486,0.0419326
zone00013,12,0.993602,1.35081,-0.102737,0.376939,1.40617,0.85,1.00486,0.0419326
zone00013,13,0.96096,1.30144,-0.108201,0.376939,1.35924,0.85,1.00486,0.0419326
zone00013,14,0.928985,1.25204,-0.113275,0.376939,1.31245,0.85,1.00486,0.0419326
zone00013,15,0.898397,1.20259,-0.117825,0.376939,1.26578,0.85,1.00486,0.0419326
zone00013,16,0.869463,1.15311,-0.121749,0.376939,1.21925,0.85,1.00486,0.0419326
zone00013,17,0.842922,1.10358,-0.12497,0.376939,1.17285,0.85,1.00486,0.0419326
zone00013,18,0.821409,1.054,-0.127418,0.376939,1.1266,0.85,1.00486,0.0419326
zone00013,19,0.808046,1.00437,-0.129027,0.376939,1.08051,0.85,1.00486,0.0419326
zone00013,20,0.802206,0.962782,-0.129671,0.376939,1.04204,0.85,1.00486,0.0419326
zone00018,0,0.719713,0.940962,0.0379967,0.376939,1.01437,0.85,1.00486,0.0419326
zone00018,1,0.726592,0.983809,0.0345078,0.376939,1.05411,0.85,1.00486,0.0419326
zone00018,2,0.731273,1.03495,0.030095,0.376939,1.10186,0.85,1.00486,0.0419326
zone00018,3,0.733291,1.08605,0.0254086,0.376939,1.14988,0.85,1.00486,0.0419326
zone00018,4,0.732113,1.13711,0.0204232,0.376939,1.19813,0.85,1.00486,0.0419326
zone00018,5,0.730591,1.18813,0.015086,0.376939,1.24658,0.85,1.00486,0.0419326
zone00018,6,0.742277,1.2391,0.00932077,0.376939,1.2952,0.85,1.00486,0.0419326
zone00018,7,0.783141,1.29001,0.00305498,0.376939,1.34396,0.85,1.00486,0.0419326
zone00018,8,0.842594,1.34086,-0.00373961,0.376939,1.39284,0.85,1.00486,0.0419326
zone00018,9,0.892589,1.39166,-0.0110226,0.376939,1.44184,0.85,1.00486,0.0419326
zone00018,10,0.924936,1.44242,-0.0186885,0.376939,1.49098,0.85,1.00486,0.0419326
zone00018,11,0.94999,1.49318,-0.0266016,0.376939,1.54025,0.85,1.00486,0.0419326
zone00018,12,0.975995,1.54394,-0.0346534,0.376939,1.58967,0.85,1.00486,0.0419326
zone00018,13,1.00369,1.5947,-0.0428332,0.376939,1.63921,0.85,1.00486,0.0419326
zone00018,14,1.03051,1.64544,-0.0512744,0.376939,1.68884,0.85,1.00486,0.0419326
zone00018,15,1.05838,1.69613,-0.0602865,0.376939,1.73855,0.85,1.00486,0.0419326
zone00018,16,1.08319,1.72428,-0.0658027,0.376939,1.76623,0.85,1.00486,0.0419326
zone00018,17,1.09655,1.73831,-0.0688563,0.376939,1.78004,0.85,1.00486,0.0419326
zone00018,18,1.09982,1.74529,-0.0705489,0.376939,1.78693,0.85,1.00486,0.0419326
zone00018,19,1.10846,1.74878,-0.071472,0.376939,1.79036,0.85,1.00486,0.0419326
zone00018,20,1.09962,1.75051,-0.07196,0.376939,1.79208,0.85,1.00486,0.0419326
zone00022,0,1.09962,1.75051,-0.07196,0.376939,1.79208,0.85,1.00486,0.0419326
zone00022,1,1.09381,1.7505,-0.0721961,0.376939,1.79208,0.85,1.00486,0.0419326
zone00022,2,1.1028,1.75049,-0.0724323,0.376939,1.79208,0.85,1.00486,0.0419326
zone00022,3,1.10089,1.75048,-0.0726684,0.376939,1.79207,0.85,1.00486,0.0419326
zone00022,4,1.10179,1.75046,-0.0729045,0.376939,1.79207,0.85,1.00486,0.0419326
zone00022,5,1.10106,1.75045,-0.0731407,0.376939,1.79207,0.85,1.00486,0.0419326
zone00022,6,1.10861,1.75044,-0.0733768,0.376939,1.79207,0.85,1.00486,0.0419326
zone00022,7,1.07798,1.75042,-0.0736129,0.376939,1.79206,0.85,1.00486,0.0419326
zone00022,8,1.10048,1.75041,-0.073849,0.376939,1.79206,0.85,1.00486,0.0419326
